ID,Surname,Forename,DOB,Address,Phone,Gender,Tutor_group,School_email
1,Langtree,Francesco,2006-02-28,A6-62-1B-58-BA-59,51-(616)422-7205,M,LM6,flangtree0@friendfeed.com
2,Tribbeck,Bernett,2006-05-05,2A-5B-8C-7A-C3-2F,46-(195)384-0175,F,LM6,btribbeck1@aboutads.info
3,Dunbobbin,Erinn,2006-06-09,64-34-22-FC-E4-14,62-(449)205-4216,F,LM6,edunbobbin2@technorati.com
4,Borge,Avril,2005-12-11,FE-66-88-46-75-81,33-(760)676-3316,F,LM6,aborge3@nps.gov
5,Ciciotti,Hoyt,2006-04-08,A2-4B-76-29-0B-6C,81-(816)980-5326,M,LM6,hciciotti4@w3.org
6,Lewing,Norrie,2005-12-10,23-80-6A-42-20-C2,30-(335)342-5759,F,LM6,nlewing5@people.com.cn
7,Jordanson,Steven,2006-06-08,4C-4B-6F-84-A5-79,92-(365)803-9535,F,LM6,sjordanson6@infoseek.co.jp
8,Baruch,Susie,2005-10-09,F2-05-C5-0A-F0-C2,63-(953)839-4949,F,LM6,sbaruch7@photobucket.com
9,Chazerand,Dorise,2006-02-14,A8-82-4F-A9-DA-FC,62-(315)657-7306,F,LM6,dchazerand8@opensource.org
10,Jeger,Rachele,2005-09-18,C6-91-76-6F-77-63,380-(291)382-3075,F,LM6,rjeger9@narod.ru
11,Dahler,Bryanty,2006-07-05,A3-AF-C7-90-F5-F2,61-(104)792-8052,M,LM6,bdahlera@wikimedia.org
12,Kees,Lauralee,2006-05-28,77-6E-67-96-7E-18,57-(376)162-5173,F,LM6,lkeesb@examiner.com
13,Winslow,Herth,2005-12-17,C4-E8-E6-8F-A9-30,1-(152)295-5386,F,LM6,hwinslowc@lulu.com
14,Candelin,Far,2006-04-28,C6-4A-94-68-BB-1B,1-(205)848-2751,M,LM6,fcandelind@ted.com
15,Addlestone,Allene,2006-09-06,F4-1F-DC-E0-8D-90,420-(615)431-1773,F,LM6,aaddlestonee@clickbank.net
16,Mewh,Annemarie,2005-11-18,2A-DF-94-90-D9-AD,850-(255)531-1228,F,LM6,amewhaf@ucsd.edu
17,Futty,Kelley,2006-09-04,02-9C-E2-0E-EB-9E,52-(934)798-9990,M,LM6,kfuttyg@ebay.co.uk
18,MacPeake,Dulce,2006-03-05,C9-8F-A1-38-C3-CD,86-(114)407-8636,F,LM6,dmacpeakeh@imdb.com
19,Arnaudi,Pammy,2006-01-20,03-49-A7-D2-95-16,2-(708)824-5509,F,LM6,parnaudii@google.nl
20,McVane,Stanleigh,2006-08-29,BA-35-30-B5-F2-BB,63-(360)319-3255,M,LM6,smcvanej@cbc.ca
21,Caban,Stillman,2006-03-14,C3-97-3F-01-D6-D8,6-(201)406-3297,M,LM6,scabank@purevolume.com
22,Batch,Merilyn,2006-09-04,91-64-6E-3D-38-51,48-(906)720-2499,F,LM6,mbatchl@privacy.gov.au
23,Asbery,Tar,2006-06-26,74-43-65-A5-94-0C,57-(560)673-1633,F,LM6,tasberym@upenn.edu
24,Bockings,Olenolin,2006-04-30,AF-AF-50-BB-E8-3C,963-(482)794-1851,M,LM6,obockingsn@dion.ne.jp
25,Maylour,Candis,2006-04-10,DF-D5-EC-59-86-47,86-(977)587-2280,F,LM6,cmaylouro@smh.com.au
